{"id":"did:web:vc-issuer-jisa.azurewebsites.net","@context":["https://www.w3.org/ns/did/v1",{"@base":"did:web:vc-issuer-jisa.azurewebsites.net"}],"service":[{"id":"#linkeddomains","type":"LinkedDomains","serviceEndpoint":{"origins":["https://vc-issuer-jisa.azurewebsites.net/"]}},{"id":"#hub","type":"IdentityHub","serviceEndpoint":{"instances":["https://hub.did.msidentity.com/v1.0/d0f3f86e-a16d-4aa6-b88d-333de5da98a2"]}}],"verificationMethod":[{"id":"#d9debae7a18145d6a1f3de64e76393a7vcSigningKey-65a76","controller":"did:web:vc-issuer-jisa.azurewebsites.net","type":"EcdsaSecp256k1VerificationKey2019","publicKeyJwk":{"crv":"secp256k1","kty":"EC","x":"GdyMQUTgAJ3ZnyaeSXMar7hlm2TRP42HkdpfoVkrSqQ","y":"55eI_jc7O4nTPF3N753vlHlMK-2xkgX7wa1fELbWKUk"}}],"authentication":["#d9debae7a18145d6a1f3de64e76393a7vcSigningKey-65a76"],"assertionMethod":["#d9debae7a18145d6a1f3de64e76393a7vcSigningKey-65a76"]}